Iterations,Average Crashes L,Average Crashes O,Average Crashes R,Average Crashes R w/ Full Restart
0,100,,,
5,100,,,
10,100,,,
15,100,,,
20,100,,,
25,100,,,
30,100,,,
35,100,,,
40,100,,,
45,100,,,
50,100,,,
55,100,,,
60,100,,,
65,100,,,
70,100,,,
75,100,,,
80,100,,,
85,100,,,
90,100,,,
95,100,,,
100,100,,,
105,100,,,
110,100,,,
115,100,,,
120,100,,,
125,100,,,
130,100,,,
135,100,,,
140,100,,,
145,100,,,
150,100,,,
155,100,,,
160,100,,,
165,100,,,
170,100,,,
175,100,,,
180,100,,,
185,100,,,
190,100,,,
195,100,,,
200,100,,,
205,100,,,
210,100,,,
215,100,,,
220,100,,,
225,100,,,
230,100,,,
235,100,,,
240,100,,,
245,100,,,
250,100,,,
255,100,,,
260,100,,,
265,100,,,
270,100,,,
275,100,,,
280,100,,,
285,100,,,
290,100,,,
295,100,,,
300,100,,,
305,100,,,
310,100,,,
315,100,,,
320,100,,,
325,100,,,
330,100,,,
335,100,,,
340,100,,,
345,100,,,
350,100,,,
355,100,,,
360,100,,,
365,100,,,
370,100,,,
375,100,,,
380,100,,,
385,100,,,
390,100,,,
395,100,,,
400,100,,,
405,100,,,
410,100,,,
415,100,,,
420,100,,,
425,100,,,
430,100,,,
435,100,,,
440,100,,,
445,100,,,
450,100,,,
455,100,,,
460,100,,,
465,100,,,
470,100,,,
475,100,,,
480,100,,,
485,100,,,
490,100,,,
495,100,,,
500,100,,,
505,100,,,
510,100,,,
515,100,,,
520,100,,,
525,100,,,
530,100,,,
535,100,,,
540,100,,,
545,100,,,
550,100,,,
555,100,,,
560,100,,,
565,100,,,
570,100,,,
575,100,,,
580,100,,,
585,100,,,
590,100,,,
595,100,,,
600,100,,,
605,100,,,
610,100,,,
615,100,,,
620,100,,,
625,100,,,
630,100,,,
635,100,,,
640,100,,,
645,100,,,
650,100,,,
655,100,,,
660,100,,,
665,100,,,
670,100,,,
675,100,,,
680,100,,,
685,100,,,
690,100,,,
695,100,,,
700,100,,,
705,100,,,
710,100,,,
715,100,,,
720,100,,,
725,100,,,
730,100,,,
735,100,,,
740,100,,,
745,100,,,
750,100,,,
755,100,,,
760,100,,,
765,100,,,
770,100,,,
775,100,,,
780,100,,,
785,100,,,
790,100,,,
795,100,,,
800,100,,,
805,100,,,
810,100,,,
815,100,,,
820,100,,,
825,90,,,
830,100,,,
835,90,,,
840,100,,,
845,90,,,
850,100,,,
855,100,,,
860,100,,,
865,100,,,
870,100,,,
875,100,,,
880,100,,,
885,90,,,
890,100,,,
895,100,,,
900,100,,,
905,100,,,
910,90,,,
915,100,,,
920,100,,,
925,100,,,
930,100,,,
935,90,,,
940,90,,,
945,100,,,
950,90,,,
955,100,,,
960,100,,,
965,90,,,
970,100,,,
975,90,,,
980,90,,,
985,80,,,
990,100,,,
995,100,,,
1000,100,,,
1005,90,,,
1010,100,,,
1015,100,,,
1020,90,,,
1025,100,,,
1030,100,,,
1035,90,,,
1040,100,,,
1045,100,,,
1050,100,,,
1055,100,,,
1060,100,,,
1065,90,,,
1070,100,,,
1075,90,,,
1080,100,,,
1085,100,,,
1090,90,,,
1095,100,,,
1100,100,,,
1105,100,,,
1110,100,,,
1115,100,,,
1120,100,,,
1125,100,,,
1130,90,,,
1135,90,,,
1140,100,,,
1145,100,,,
1150,100,,,
1155,100,,,
1160,100,,,
1165,90,,,
1170,100,,,
1175,100,,,
1180,90,,,
1185,100,,,
1190,100,,,
1195,100,,,
1200,100,,,
1205,100,,,
1210,100,,,
1215,100,,,
1220,100,,,
1225,90,,,
1230,90,,,
1235,90,,,
1240,90,,,
1245,90,,,
1250,100,,,
1255,100,,,
1260,90,,,
1265,100,,,
1270,100,,,
1275,90,,,
1280,100,,,
1285,100,,,
1290,100,,,
1295,100,,,
1300,100,,,
1305,100,,,
1310,100,,,
1315,100,,,
1320,100,,,
1325,100,,,
1330,90,,,
1335,100,,,
1340,90,,,
1345,100,,,
1350,100,,,
1355,100,,,
1360,90,,,
1365,90,,,
1370,100,,,
1375,90,,,
1380,100,,,
1385,100,,,
1390,100,,,
1395,100,,,
1400,100,,,
1405,100,,,
1410,100,,,
1415,100,,,
1420,100,,,
1425,100,,,
1430,90,,,
1435,100,,,
1440,90,,,
1445,100,,,
1450,100,,,
1455,100,,,
1460,100,,,
1465,100,,,
1470,100,,,
1475,100,,,
1480,90,,,
1485,100,,,
1490,100,,,
1495,90,,,
1500,100,,,
1505,100,,,
1510,100,,,
1515,90,,,
1520,90,,,
1525,100,,,
1530,100,,,
1535,90,,,
1540,100,,,
1545,90,,,
1550,90,,,
1555,100,,,
1560,100,,,
1565,90,,,
1570,90,,,
1575,100,,,
1580,90,,,
1585,100,,,
1590,100,,,
1595,100,,,
1600,100,,,
1605,100,,,
1610,100,,,
1615,100,,,
1620,100,,,
1625,100,,,
1630,90,,,
1635,100,,,
1640,100,,,
1645,100,,,
1650,100,,,
1655,90,,,
1660,90,,,
1665,100,,,
1670,100,,,
1675,100,,,
1680,100,,,
1685,100,,,
1690,100,,,
1695,100,,,
1700,90,,,
1705,90,,,
1710,90,,,
1715,90,,,
1720,100,,,
1725,100,,,
1730,90,,,
1735,100,,,
1740,100,,,
1745,90,,,
1750,100,,,
1755,100,,,
1760,100,,,
1765,100,,,
1770,100,,,
1775,100,,,
1780,90,,,
1785,100,,,
1790,90,,,
1795,90,,,
1800,100,,,
1805,100,,,
1810,100,,,
1815,100,,,
1820,90,,,
1825,100,,,
1830,90,,,
1835,100,,,
1840,100,,,
1845,100,,,
1850,100,,,
1855,90,,,
1860,90,,,
1865,100,,,
1870,100,,,
1875,100,,,
1880,100,,,
1885,100,,,
1890,100,,,
1895,100,,,
1900,90,,,
1905,100,,,
1910,100,,,
1915,100,,,
1920,90,,,
1925,100,,,
1930,90,,,
1935,90,,,
1940,100,,,
1945,100,,,
1950,100,,,
1955,100,,,
1960,90,,,
1965,100,,,
1970,100,,,
1975,100,,,
1980,100,,,
1985,100,,,
1990,100,,,
1995,100,,,
2000,100,,,
2005,100,,,
2010,100,,,
2015,100,,,
2020,100,,,
2025,100,,,
2030,100,,,
2035,100,,,
2040,100,,,
2045,100,,,
2050,100,,,
2055,100,,,
2060,90,,,
2065,100,,,
2070,100,,,
2075,100,,,
2080,100,,,
2085,100,,,
2090,100,,,
2095,90,,,
2100,100,,,
2105,100,,,
2110,100,,,
2115,100,,,
2120,100,,,
2125,100,,,
2130,100,,,
2135,100,,,
2140,100,,,
2145,90,,,
2150,90,,,
2155,90,,,
2160,90,,,
2165,100,,,
2170,100,,,
2175,100,,,
2180,100,,,
2185,100,,,
2190,100,,,
2195,100,,,
2200,90,,,
2205,90,,,
2210,100,,,
2215,100,,,
2220,100,,,
2225,100,,,
2230,100,,,
2235,100,,,
2240,90,,,
2245,100,,,
2250,100,,,
2255,100,,,
2260,90,,,
2265,100,,,
2270,90,,,
2275,90,,,
2280,100,,,
2285,100,,,
2290,100,,,
2295,100,,,
2300,100,,,
2305,100,,,
2310,100,,,
2315,100,,,
2320,100,,,
2325,100,,,
2330,100,,,
2335,100,,,
2340,100,,,
2345,100,,,
2350,100,,,
2355,90,,,
2360,90,,,
2365,100,,,
2370,100,,,
2375,100,,,
2380,100,,,
2385,90,,,
2390,90,,,
2395,90,,,
2400,90,,,
2405,90,,,
2410,80,,,
2415,100,,,
2420,100,,,
2425,90,,,
2430,90,,,
2435,90,,,
2440,100,,,
2445,90,,,
2450,90,,,
2455,100,,,
2460,90,,,
2465,100,,,
2470,90,,,
2475,80,,,
2480,100,,,
2485,80,,,
2490,80,,,
2495,100,,,
2500,90,,,
2505,80,,,
2510,80,,,
2515,90,,,
2520,100,,,
2525,90,,,
2530,90,,,
2535,100,,,
2540,100,,,
2545,80,,,
2550,90,,,
2555,90,,,
2560,90,,,
2565,90,,,
2570,80,,,
2575,90,,,
2580,90,,,
2585,90,,,
2590,90,,,
2595,100,,,
2600,80,,,
2605,100,,,
2610,90,,,
2615,90,,,
2620,90,,,
2625,90,,,
2630,100,,,
2635,100,,,
2640,100,,,
2645,100,,,
2650,90,,,
2655,100,,,
2660,90,,,
2665,90,,,
2670,100,,,
2675,90,,,
2680,100,,,
2685,90,,,
2690,90,,,
2695,90,,,
2700,100,,,
2705,100,,,
2710,80,,,
2715,90,,,
2720,90,,,
2725,100,,,
2730,90,,,
2735,100,,,
2740,90,,,
2745,90,,,
2750,90,,,
2755,100,,,
2760,100,,,
2765,90,,,
2770,90,,,
2775,100,,,
2780,100,,,
2785,100,,,
2790,80,,,
2795,90,,,
2800,90,,,
2805,90,,,
2810,90,,,
2815,90,,,
2820,100,,,
2825,100,,,
2830,100,,,
2835,90,,,
2840,90,,,
2845,100,,,
2850,100,,,
2855,90,,,
2860,100,,,
2865,90,,,
2870,90,,,
2875,100,,,
2880,90,,,
2885,90,,,
2890,100,,,
2895,100,,,
2900,90,,,
2905,80,,,
2910,100,,,
2915,80,,,
2920,90,,,
2925,90,,,
2930,90,,,
2935,100,,,
2940,90,,,
2945,90,,,
2950,90,,,
2955,100,,,
2960,90,,,
2965,80,,,
2970,80,,,
2975,90,,,
2980,100,,,
2985,90,,,
2990,100,,,
2995,90,,,
3000,80,,,
3005,70,,,
3010,90,,,
3015,90,,,
3020,90,,,
3025,100,,,
3030,80,,,
3035,80,,,
3040,90,,,
3045,90,,,
3050,80,,,
3055,70,,,
3060,80,,,
3065,80,,,
3070,70,,,
3075,80,,,
3080,100,,,
3085,60,,,
3090,50,,,
3095,90,,,
3100,80,,,
3105,80,,,
3110,90,,,
3115,70,,,
3120,90,,,
3125,90,,,
3130,90,,,
3135,80,,,
3140,60,,,
3145,90,,,
3150,80,,,
3155,80,,,
3160,80,,,
3165,70,,,
3170,70,,,
3175,80,,,
3180,90,,,
3185,80,,,
3190,60,,,
3195,80,,,
3200,90,,,
3205,80,,,
3210,70,,,
3215,60,,,
3220,60,,,
3225,80,,,
3230,80,,,
3235,80,,,
3240,80,,,
3245,70,,,
3250,70,,,
3255,80,,,
3260,70,,,
3265,90,,,
3270,80,,,
3275,70,,,
3280,90,,,
3285,70,,,
3290,80,,,
3295,80,,,
3300,80,,,
3305,90,,,
3310,90,,,
3315,80,,,
3320,60,,,
3325,90,,,
3330,70,,,
3335,90,,,
3340,70,,,
3345,90,,,
3350,70,,,
3355,100,,,
3360,80,,,
3365,90,,,
3370,90,,,
3375,80,,,
3380,90,,,
3385,100,,,
3390,100,,,
3395,80,,,
3400,90,,,
3405,80,,,
3410,60,,,
3415,80,,,
3420,90,,,
3425,60,,,
3430,70,,,
3435,70,,,
3440,60,,,
3445,70,,,
3450,80,,,
3455,80,,,
3460,80,,,
3465,80,,,
3470,90,,,
3475,70,,,
3480,100,,,
3485,80,,,
3490,80,,,
3495,80,,,
3500,70,,,
3505,80,,,
3510,80,,,
3515,60,,,
3520,90,,,
3525,90,,,
3530,70,,,
3535,80,,,
3540,100,,,
3545,90,,,
3550,70,,,
3555,80,,,
3560,90,,,
3565,80,,,
3570,80,,,
3575,60,,,
3580,80,,,
3585,90,,,
3590,80,,,
3595,80,,,
3600,60,,,
3605,70,,,
3610,80,,,
3615,80,,,
3620,80,,,
3625,70,,,
3630,60,,,
3635,80,,,
3640,70,,,
3645,60,,,
3650,60,,,
3655,70,,,
3660,80,,,
3665,90,,,
3670,80,,,
3675,40,,,
3680,80,,,
3685,50,,,
3690,70,,,
3695,60,,,
3700,60,,,
3705,90,,,
3710,80,,,
3715,60,,,
3720,80,,,
3725,80,,,
3730,50,,,
3735,90,,,
3740,90,,,
3745,90,,,
3750,70,,,
3755,70,,,
3760,90,,,
3765,90,,,
3770,50,,,
3775,80,,,
3780,60,,,
3785,70,,,
3790,80,,,
3795,70,,,
3800,70,,,
3805,80,,,
3810,70,,,
3815,70,,,
3820,50,,,
3825,40,,,
3830,80,,,
3835,90,,,
3840,60,,,
3845,60,,,
3850,60,,,
3855,60,,,
3860,60,,,
3865,80,,,
3870,90,,,
3875,80,,,
3880,80,,,
3885,70,,,
3890,60,,,
3895,80,,,
3900,50,,,
3905,60,,,
3910,90,,,
3915,90,,,
3920,70,,,
3925,70,,,
3930,90,,,
3935,70,,,
3940,90,,,
3945,90,,,
3950,70,,,
3955,50,,,
3960,80,,,
3965,60,,,
3970,70,,,
3975,70,,,
3980,90,,,
3985,60,,,
3990,60,,,
3995,80,,,
4000,70,,,
4005,50,,,
4010,60,,,
4015,70,,,
4020,70,,,
4025,60,,,
4030,40,,,
4035,60,,,
4040,60,,,
4045,40,,,
4050,50,,,
4055,50,,,
4060,60,,,
4065,60,,,
4070,60,,,
4075,40,,,
4080,50,,,
4085,40,,,
4090,50,,,
4095,40,,,
4100,60,,,
4105,80,,,
4110,50,,,
4115,70,,,
4120,60,,,
4125,50,,,
4130,70,,,
4135,60,,,
4140,30,,,
4145,60,,,
4150,60,,,
4155,60,,,
4160,60,,,
4165,60,,,
4170,40,,,
4175,50,,,
4180,60,,,
4185,50,,,
4190,40,,,
4195,40,,,
4200,70,,,
4205,50,,,
4210,80,,,
4215,30,,,
4220,50,,,
4225,70,,,
4230,60,,,
4235,60,,,
4240,30,,,
4245,30,,,
4250,40,,,
4255,60,,,
4260,30,,,
4265,40,,,
4270,40,,,
4275,50,,,
4280,70,,,
4285,50,,,
4290,50,,,
4295,50,,,
4300,60,,,
4305,70,,,
4310,40,,,
4315,60,,,
4320,40,,,
4325,60,,,
4330,50,,,
4335,60,,,
4340,60,,,
4345,70,,,
4350,60,,,
4355,60,,,
4360,60,,,
4365,40,,,
4370,60,,,
4375,60,,,
4380,50,,,
4385,50,,,
4390,60,,,
4395,50,,,
4400,30,,,
4405,40,,,
4410,50,,,
4415,60,,,
4420,50,,,
4425,40,,,
4430,50,,,
4435,50,,,
4440,40,,,
4445,50,,,
4450,60,,,
4455,30,,,
4460,60,,,
4465,40,,,
4470,60,,,
4475,60,,,
4480,50,,,
4485,60,,,
4490,50,,,
4495,40,,,
4500,60,,,
4505,40,,,
4510,40,,,
4515,40,,,
4520,30,,,
4525,60,,,
4530,40,,,
4535,40,,,
4540,50,,,
4545,60,,,
4550,40,,,
4555,40,,,
4560,50,,,
4565,50,,,
4570,50,,,
4575,50,,,
4580,30,,,
4585,40,,,
4590,60,,,
4595,50,,,
4600,50,,,
4605,60,,,
4610,40,,,
4615,50,,,
4620,60,,,
4625,50,,,
4630,60,,,
4635,40,,,
4640,50,,,
4645,30,,,
4650,50,,,
4655,50,,,
4660,50,,,
4665,50,,,
4670,40,,,
4675,70,,,
4680,50,,,
4685,40,,,
4690,60,,,
4695,40,,,
4700,60,,,
4705,50,,,
4710,40,,,
4715,50,,,
4720,60,,,
4725,40,,,
4730,50,,,
4735,50,,,
4740,40,,,
4745,60,,,
4750,50,,,
4755,50,,,
4760,30,,,
4765,50,,,
4770,50,,,
4775,40,,,
4780,40,,,
4785,50,,,
4790,40,,,
4795,50,,,
4800,40,,,
4805,40,,,
4810,30,,,
4815,40,,,
4820,40,,,
4825,50,,,
4830,50,,,
4835,50,,,
4840,40,,,
4845,40,,,
4850,30,,,
4855,50,,,
4860,50,,,
4865,40,,,
4870,30,,,
4875,30,,,
4880,50,,,
4885,30,,,
4890,30,,,
4895,30,,,
4900,40,,,
4905,40,,,
4910,50,,,
4915,40,,,
4920,30,,,
4925,40,,,
4930,40,,,
4935,50,,,
4940,40,,,
4945,50,,,
4950,40,,,
4955,30,,,
4960,50,,,
4965,50,,,
4970,30,,,
4975,30,,,
4980,40,,,
4985,40,,,
4990,40,,,
4995,40,,,
5000,40,,,
5005,40,,,
5010,40,,,
5015,40,,,
5020,60,,,
5025,30,,,
5030,50,,,
5035,30,,,
5040,30,,,
5045,50,,,
5050,30,,,
5055,50,,,
5060,40,,,
5065,30,,,
5070,40,,,
5075,30,,,
5080,40,,,
5085,40,,,
5090,30,,,
5095,30,,,
5100,40,,,
5105,40,,,
5110,10,,,
5115,20,,,
5120,20,,,
5125,30,,,
5130,30,,,
5135,50,,,
5140,50,,,
5145,40,,,
5150,30,,,
5155,10,,,
5160,20,,,
5165,30,,,
5170,40,,,
5175,30,,,
5180,30,,,
5185,50,,,
5190,30,,,
5195,30,,,
5200,30,,,
5205,30,,,
5210,30,,,
5215,30,,,
5220,50,,,
5225,30,,,
5230,30,,,
5235,20,,,
5240,40,,,
5245,50,,,
5250,20,,,
5255,10,,,
5260,30,,,
5265,40,,,
5270,20,,,
5275,20,,,
5280,40,,,
5285,30,,,
5290,20,,,
5295,20,,,
5300,40,,,
5305,30,,,
5310,20,,,
5315,20,,,
5320,30,,,
5325,40,,,
5330,30,,,
5335,30,,,
5340,30,,,
5345,40,,,
5350,30,,,
5355,30,,,
5360,20,,,
5365,30,,,
5370,20,,,
5375,30,,,
5380,10,,,
5385,30,,,
5390,20,,,
5395,30,,,
5400,30,,,
5405,20,,,
5410,40,,,
5415,30,,,
5420,40,,,
5425,20,,,
5430,40,,,
5435,40,,,
5440,20,,,
5445,50,,,
5450,30,,,
5455,20,,,
5460,30,,,
5465,20,,,
5470,30,,,
5475,40,,,
5480,30,,,
5485,20,,,
5490,30,,,
5495,20,,,
5500,20,,,
5505,20,,,
5510,20,,,
5515,30,,,
5520,30,,,
5525,10,,,
5530,20,,,
5535,10,,,
5540,40,,,
5545,20,,,
5550,30,,,
5555,20,,,
5560,10,,,
5565,30,,,
5570,30,,,
5575,20,,,
5580,20,,,
5585,20,,,
5590,20,,,
5595,40,,,
5600,20,,,
5605,20,,,
5610,30,,,
5615,40,,,
5620,20,,,
5625,30,,,
5630,10,,,
5635,30,,,
5640,20,,,
5645,20,,,
5650,20,,,
5655,20,,,
5660,20,,,
5665,40,,,
5670,20,,,
5675,20,,,
5680,20,,,
5685,40,,,
5690,20,,,
5695,20,,,
5700,20,,,
5705,10,,,
5710,10,,,
5715,40,,,
5720,30,,,
5725,10,,,
5730,30,,,
5735,20,,,
5740,40,,,
5745,10,,,
5750,10,,,
5755,30,,,
5760,50,,,
5765,20,,,
5770,20,,,
5775,20,,,
5780,20,,,
5785,30,,,
5790,30,,,
5795,30,,,
5800,40,,,
5805,40,,,
5810,40,,,
5815,20,,,
5820,30,,,
5825,20,,,
5830,30,,,
5835,20,,,
5840,20,,,
5845,10,,,
5850,20,,,
5855,20,,,
5860,10,,,
5865,30,,,
5870,30,,,
5875,40,,,
5880,20,,,
5885,20,,,
5890,10,,,
5895,30,,,
5900,30,,,
5905,30,,,
5910,20,,,
5915,10,,,
5920,30,,,
5925,20,,,
5930,20,,,
5935,30,,,
5940,10,,,
5945,30,,,
5950,20,,,
5955,30,,,
5960,30,,,
5965,30,,,
5970,30,,,
5975,40,,,
5980,30,,,
5985,20,,,
5990,30,,,
5995,10,,,
6000,30,,,
6005,20,,,
6010,20,,,
6015,20,,,
6020,30,,,
6025,30,,,
6030,10,,,
6035,30,,,
6040,20,,,
6045,40,,,
6050,20,,,
6055,20,,,
6060,30,,,
6065,30,,,
6070,20,,,
6075,20,,,
6080,20,,,
6085,30,,,
6090,20,,,
6095,30,,,
6100,10,,,
6105,10,,,
6110,40,,,
6115,20,,,
6120,30,,,
6125,20,,,
6130,40,,,
6135,20,,,
6140,10,,,
6145,10,,,
6150,20,,,
6155,20,,,
6160,10,,,
6165,10,,,
6170,10,,,
6175,30,,,
6180,30,,,
6185,50,,,
6190,10,,,
6195,40,,,
6200,10,,,
6205,20,,,
6210,20,,,
6215,20,,,
6220,20,,,
6225,10,,,
6230,30,,,
6235,10,,,
6240,20,,,
6245,20,,,
6250,20,,,
6255,10,,,
6260,10,,,
6265,10,,,
6270,30,,,
6275,0,,,
6280,10,,,
6285,0,,,
6290,10,,,
6295,20,,,
6300,10,,,
6305,20,,,
6310,30,,,
6315,20,,,
6320,20,,,
6325,10,,,
6330,0,,,
6335,10,,,
6340,20,,,
6345,10,,,
6350,10,,,
6355,20,,,
6360,0,,,
6365,30,,,
6370,10,,,
6375,10,,,
6380,20,,,
6385,20,,,
6390,10,,,
6395,20,,,
6400,30,,,
6405,10,,,
6410,10,,,
6415,10,,,
6420,10,,,
6425,10,,,
6430,20,,,
6435,10,,,
6440,40,,,
6445,10,,,
6450,10,,,
6455,10,,,
6460,10,,,
6465,10,,,
6470,20,,,
6475,20,,,
6480,0,,,
6485,10,,,
6490,10,,,
6495,20,,,
6500,20,,,
6505,10,,,
6510,10,,,
6515,10,,,
6520,30,,,
6525,0,,,
6530,10,,,
6535,30,,,
6540,10,,,
6545,20,,,
6550,30,,,
6555,10,,,
6560,0,,,
6565,10,,,
6570,10,,,
6575,10,,,
6580,10,,,
6585,20,,,
6590,20,,,
6595,30,,,
6600,0,,,
6605,10,,,
6610,30,,,
6615,10,,,
6620,30,,,
6625,20,,,
6630,0,,,
6635,30,,,
6640,30,,,
6645,10,,,
6650,20,,,
6655,20,,,
6660,20,,,
6665,0,,,
6670,0,,,
6675,20,,,
6680,10,,,
6685,0,,,
6690,10,,,
6695,0,,,
6700,20,,,
6705,10,,,
6710,20,,,
6715,10,,,
6720,0,,,
6725,10,,,
6730,20,,,
6735,10,,,
6740,0,,,
6745,20,,,
6750,20,,,
6755,30,,,
6760,10,,,
6765,10,,,
6770,10,,,
6775,20,,,
6780,0,,,
6785,20,,,
6790,10,,,
6795,10,,,
6800,10,,,
6805,20,,,
6810,30,,,
6815,10,,,
6820,20,,,
6825,0,,,
6830,20,,,
6835,20,,,
6840,20,,,
6845,10,,,
6850,20,,,
6855,20,,,
6860,10,,,
6865,10,,,
6870,0,,,
6875,10,,,
6880,10,,,
6885,20,,,
6890,20,,,
6895,10,,,
6900,0,,,
6905,10,,,
6910,10,,,
6915,10,,,
6920,10,,,
6925,10,,,
6930,10,,,
6935,0,,,
6940,0,,,
6945,0,,,
6950,10,,,
6955,20,,,
6960,0,,,
6965,0,,,
6970,20,,,
6975,20,,,
6980,0,,,
6985,0,,,
6990,0,,,
6995,10,,,
7000,20,,,
7005,10,,,
7010,10,,,
7015,20,,,
7020,0,,,
7025,0,,,
7030,0,,,
7035,0,,,
7040,10,,,
7045,0,,,
7050,10,,,
7055,20,,,
7060,10,,,
7065,20,,,
7070,0,,,
7075,10,,,
7080,0,,,
7085,10,,,
7090,0,,,
7095,10,,,
7100,0,,,
7105,0,,,
7110,0,,,
7115,0,,,
7120,10,,,
7125,0,,,
7130,0,,,
7135,0,,,
7140,0,,,
7145,10,,,
7150,0,,,
7155,10,,,
7160,10,,,
7165,10,,,
7170,10,,,
7175,0,,,
7180,0,,,
7185,0,,,
7190,10,,,
7195,10,,,
7200,0,,,
7205,0,,,
7210,0,,,
7215,0,,,
7220,10,,,
7225,0,,,
7230,10,,,
7235,10,,,
7240,0,,,
7245,10,,,
7250,10,,,
7255,0,,,
7260,0,,,
7265,10,,,
7270,0,,,
7275,10,,,
7280,0,,,
7285,0,,,
7290,10,,,
7295,10,,,
7300,10,,,
7305,10,,,
7310,10,,,
7315,10,,,
7320,0,,,
7325,0,,,
7330,10,,,
7335,0,,,
7340,0,,,
7345,10,,,
7350,0,,,
7355,10,,,
7360,10,,,
7365,0,,,
7370,10,,,
7375,0,,,
7380,10,,,
7385,0,,,
7390,0,,,
7395,0,,,
7400,0,,,
7405,0,,,
7410,0,,,
7415,10,,,
7420,0,,,
7425,0,,,
7430,10,,,
7435,0,,,
7440,0,,,
7445,10,,,
7450,0,,,
7455,10,,,
7460,0,,,
7465,0,,,
7470,10,,,
7475,10,,,
7480,10,,,
7485,10,,,
7490,10,,,
7495,0,,,
7500,10,,,
7505,10,,,
7510,0,,,
7515,10,,,
7520,10,,,
7525,0,,,
7530,0,,,
7535,0,,,
7540,10,,,
7545,0,,,
7550,0,,,
7555,10,,,
7560,0,,,
7565,10,,,
7570,0,,,
7575,10,,,
7580,10,,,
7585,0,,,
7590,0,,,
7595,0,,,
7600,10,,,
7605,10,,,
7610,0,,,
7615,0,,,
7620,0,,,
7625,10,,,
7630,10,,,
7635,0,,,
7640,0,,,
7645,10,,,
7650,0,,,
7655,10,,,
7660,10,,,
7665,10,,,
7670,10,,,
7675,0,,,
7680,10,,,
7685,10,,,
7690,0,,,
7695,10,,,
7700,0,,,
7705,10,,,
7710,10,,,
7715,0,,,
7720,10,,,
7725,0,,,
7730,0,,,
7735,10,,,
7740,0,,,
7745,0,,,
7750,0,,,
7755,0,,,
7760,0,,,
7765,10,,,
7770,10,,,
7775,0,,,
7780,0,,,
7785,10,,,
7790,0,,,
7795,0,,,
7800,0,,,
7805,10,,,
7810,0,,,
7815,10,,,
7820,0,,,
7825,10,,,
7830,0,,,
7835,0,,,
7840,10,,,
7845,0,,,
7850,0,,,
7855,0,,,
7860,0,,,
7865,10,,,
7870,10,,,
7875,10,,,
7880,10,,,
7885,10,,,
7890,10,,,
7895,10,,,
7900,0,,,
7905,10,,,
7910,0,,,
7915,0,,,
7920,10,,,
7925,0,,,
7930,10,,,
7935,0,,,
7940,10,,,
7945,0,,,
7950,10,,,
7955,10,,,
7960,0,,,
7965,10,,,
7970,10,,,
7975,10,,,
7980,0,,,
7985,0,,,
7990,10,,,
7995,10,,,
8000,10,,,
8005,0,,,
8010,0,,,
8015,10,,,
8020,10,,,
8025,0,,,
8030,10,,,
8035,0,,,
8040,10,,,
8045,10,,,
8050,0,,,
8055,0,,,
8060,0,,,
8065,10,,,
8070,10,,,
8075,10,,,
8080,0,,,
8085,0,,,
8090,10,,,
8095,0,,,
8100,0,,,
8105,0,,,
8110,0,,,
8115,10,,,
8120,10,,,
8125,0,,,
8130,0,,,
8135,0,,,
8140,10,,,
8145,0,,,
8150,0,,,
8155,10,,,
8160,0,,,
8165,0,,,
8170,10,,,
8175,0,,,
8180,0,,,
8185,10,,,
8190,10,,,
8195,10,,,
8200,0,,,
8205,0,,,
8210,0,,,
8215,0,,,
8220,10,,,
8225,10,,,
8230,10,,,
8235,0,,,
8240,0,,,
8245,0,,,
8250,10,,,
8255,10,,,
8260,10,,,
8265,10,,,
8270,0,,,
8275,10,,,
8280,10,,,
8285,0,,,
8290,0,,,
8295,0,,,
8300,10,,,
8305,10,,,
8310,10,,,
8315,0,,,
8320,0,,,
8325,10,,,
8330,0,,,
8335,10,,,
8340,10,,,
8345,10,,,
8350,10,,,
8355,10,,,
8360,10,,,
8365,0,,,
8370,0,,,
8375,10,,,
8380,0,,,
8385,10,,,
8390,0,,,
8395,0,,,
8400,0,,,
8405,0,,,
8410,10,,,
8415,10,,,
8420,0,,,
8425,10,,,
8430,10,,,
8435,10,,,
8440,0,,,
8445,10,,,
8450,10,,,
8455,0,,,
8460,0,,,
8465,0,,,
8470,0,,,
8475,0,,,
8480,10,,,
8485,10,,,
8490,10,,,
8495,10,,,
8500,10,,,
8505,10,,,
8510,0,,,
8515,0,,,
8520,0,,,
8525,10,,,
8530,0,,,
8535,10,,,
8540,0,,,
8545,10,,,
8550,0,,,
8555,0,,,
8560,10,,,
8565,10,,,
8570,10,,,
8575,0,,,
8580,0,,,
8585,10,,,
8590,0,,,
8595,10,,,
8600,10,,,
8605,10,,,
8610,0,,,
8615,10,,,
8620,0,,,
8625,10,,,
8630,0,,,
8635,10,,,
8640,10,,,
8645,10,,,
8650,0,,,
8655,0,,,
8660,10,,,
8665,10,,,
8670,10,,,
8675,10,,,
8680,10,,,
8685,10,,,
8690,0,,,
8695,10,,,
8700,0,,,
8705,10,,,
8710,0,,,
8715,0,,,
8720,0,,,
8725,10,,,
8730,10,,,
8735,0,,,
8740,0,,,
8745,0,,,
8750,0,,,
8755,0,,,
8760,0,,,
8765,10,,,
8770,10,,,
8775,10,,,
8780,0,,,
8785,0,,,
8790,10,,,
8795,10,,,
8800,0,,,
8805,10,,,
8810,10,,,
8815,0,,,
8820,10,,,
8825,0,,,
8830,10,,,
8835,10,,,
8840,10,,,
8845,10,,,
8850,0,,,
8855,10,,,
8860,10,,,
8865,0,,,
8870,0,,,
8875,0,,,
8880,10,,,
8885,0,,,
8890,10,,,
8895,10,,,
8900,0,,,
8905,0,,,
8910,10,,,
8915,0,,,
8920,10,,,
8925,0,,,
8930,10,,,
8935,0,,,
8940,0,,,
8945,10,,,
8950,0,,,
8955,10,,,
8960,0,,,
8965,0,,,
8970,10,,,
8975,0,,,
8980,0,,,
8985,0,,,
8990,0,,,
8995,10,,,
9000,0,,,
9005,10,,,
9010,10,,,
9015,10,,,
9020,0,,,
9025,10,,,
9030,0,,,
9035,0,,,
9040,0,,,
9045,0,,,
9050,10,,,
9055,10,,,
9060,10,,,
9065,0,,,
9070,10,,,
9075,10,,,
9080,10,,,
9085,10,,,
9090,0,,,
9095,10,,,
9100,0,,,
9105,0,,,
9110,0,,,
9115,0,,,
9120,0,,,
9125,0,,,
9130,10,,,
9135,10,,,
9140,0,,,
9145,10,,,
9150,10,,,
9155,0,,,
9160,10,,,
9165,10,,,
9170,0,,,
9175,0,,,
9180,0,,,
9185,10,,,
9190,0,,,
9195,10,,,
9200,10,,,
9205,10,,,
9210,10,,,
9215,10,,,
9220,10,,,
9225,10,,,
9230,0,,,
9235,10,,,
9240,10,,,
9245,10,,,
9250,10,,,
9255,0,,,
9260,10,,,
9265,10,,,
9270,0,,,
9275,0,,,
9280,0,,,
9285,0,,,
9290,0,,,
9295,0,,,
9300,0,,,
9305,0,,,
9310,10,,,
9315,10,,,
9320,0,,,
9325,0,,,
9330,0,,,
9335,10,,,
9340,0,,,
9345,0,,,
9350,0,,,
9355,10,,,
9360,0,,,
9365,10,,,
9370,0,,,
9375,10,,,
9380,0,,,
9385,10,,,
9390,10,,,
9395,0,,,
9400,10,,,
9405,0,,,
9410,0,,,
9415,0,,,
9420,10,,,
9425,0,,,
9430,0,,,
9435,10,,,
9440,10,,,
9445,0,,,
9450,10,,,
9455,0,,,
9460,0,,,
9465,0,,,
9470,0,,,
9475,10,,,
9480,0,,,
9485,0,,,
9490,10,,,
9495,0,,,
9500,0,,,
9505,10,,,
9510,0,,,
9515,10,,,
9520,0,,,
9525,0,,,
9530,10,,,
9535,10,,,
9540,0,,,
9545,0,,,
9550,0,,,
9555,0,,,
9560,10,,,
9565,0,,,
9570,0,,,
9575,0,,,
9580,10,,,
9585,10,,,
9590,10,,,
9595,10,,,
9600,0,,,
9605,10,,,
9610,10,,,
9615,10,,,
9620,10,,,
9625,10,,,
9630,0,,,
9635,10,,,
9640,10,,,
9645,10,,,
9650,0,,,
9655,0,,,
9660,0,,,
9665,0,,,
9670,0,,,
9675,10,,,
9680,0,,,
9685,10,,,
9690,0,,,
9695,10,,,
9700,10,,,
9705,10,,,
9710,10,,,
9715,0,,,
9720,0,,,
9725,0,,,
9730,10,,,
9735,0,,,
9740,10,,,
9745,10,,,
9750,0,,,
9755,10,,,
9760,0,,,
9765,10,,,
9770,10,,,
9775,0,,,
9780,10,,,
9785,10,,,
9790,0,,,
9795,0,,,
9800,0,,,
9805,10,,,
9810,0,,,
9815,0,,,
9820,0,,,
9825,0,,,
9830,0,,,
9835,10,,,
9840,0,,,
9845,0,,,
9850,10,,,
9855,0,,,
9860,0,,,
9865,0,,,
9870,10,,,
9875,0,,,
9880,0,,,
9885,0,,,
9890,0,,,
9895,0,,,
9900,0,,,
9905,0,,,
9910,0,,,
9915,0,,,
9920,0,,,
9925,0,,,
9930,0,,,
9935,0,,,
9940,0,,,
9945,0,,,
9950,0,,,
9955,0,,,
9960,0,,,
9965,10,,,
9970,10,,,
9975,0,,,
9980,0,,,
9985,10,,,
9990,0,,,
9995,0,,,
10000,10,,,
10005,0,,,
10010,0,,,
10015,0,,,
10020,0,,,
10025,0,,,
10030,0,,,
10035,0,,,
10040,0,,,
10045,0,,,
10050,0,,,
10055,10,,,
10060,10,,,
10065,0,,,
10070,10,,,
10075,0,,,
10080,10,,,
10085,0,,,
10090,0,,,
10095,10,,,
10100,10,,,
10105,0,,,
10110,0,,,
10115,0,,,
10120,0,,,
10125,10,,,
10130,0,,,
10135,0,,,
10140,0,,,
10145,0,,,
10150,0,,,
10155,0,,,
10160,10,,,
10165,10,,,
10170,0,,,
10175,10,,,
10180,0,,,
10185,0,,,
10190,10,,,
10195,0,,,
10200,0,,,
10205,0,,,
10210,10,,,
10215,0,,,
10220,10,,,
10225,0,,,
10230,0,,,
10235,0,,,
10240,0,,,
10245,10,,,
10250,0,,,
10255,0,,,
10260,10,,,
10265,0,,,
10270,0,,,
10275,0,,,
10280,10,,,
10285,0,,,
10290,0,,,
10295,0,,,
10300,10,,,
10305,10,,,
10310,0,,,
10315,0,,,
10320,0,,,
10325,0,,,
10330,0,,,
10335,0,,,
10340,10,,,
10345,0,,,
10350,0,,,
10355,0,,,
10360,0,,,
10365,10,,,
10370,0,,,
10375,0,,,
10380,0,,,
10385,0,,,
10390,10,,,
10395,0,,,
10400,0,,,
10405,10,,,
10410,0,,,
10415,0,,,
10420,0,,,
10425,0,,,
10430,10,,,
10435,0,,,
10440,10,,,
10445,0,,,
10450,0,,,
10455,10,,,
10460,0,,,
10465,0,,,
10470,10,,,
10475,0,,,
10480,0,,,
10485,0,,,
10490,0,,,
10495,0,,,
10500,0,,,
10505,0,,,
10510,0,,,
10515,0,,,
10520,0,,,
10525,10,,,
10530,0,,,
10535,0,,,
10540,0,,,
10545,0,,,
10550,0,,,
10555,0,,,
10560,10,,,
10565,10,,,
10570,0,,,
10575,0,,,
10580,10,,,
10585,10,,,
10590,10,,,
10595,10,,,
10600,0,,,
10605,10,,,
10610,0,,,
10615,10,,,
10620,0,,,
10625,10,,,
10630,0,,,
10635,0,,,
10640,0,,,
10645,0,,,
10650,10,,,
10655,10,,,
10660,0,,,
10665,0,,,
10670,10,,,
10675,0,,,
10680,0,,,
10685,10,,,
10690,0,,,
10695,0,,,
10700,0,,,
10705,0,,,
10710,10,,,
10715,10,,,
10720,10,,,
10725,0,,,
10730,0,,,
10735,10,,,
10740,0,,,
10745,0,,,
10750,10,,,
10755,0,,,
10760,10,,,
10765,0,,,
10770,0,,,
10775,0,,,
10780,0,,,
10785,0,,,
10790,0,,,
10795,10,,,
10800,0,,,
10805,0,,,
10810,10,,,
10815,10,,,
10820,0,,,
10825,10,,,
10830,0,,,
10835,0,,,
10840,0,,,
10845,0,,,
10850,0,,,
10855,0,,,
10860,0,,,
10865,0,,,
10870,0,,,
10875,10,,,
10880,10,,,
10885,0,,,
10890,10,,,
10895,10,,,
10900,0,,,
10905,0,,,
10910,0,,,
10915,0,,,
10920,10,,,
10925,0,,,
10930,0,,,
10935,0,,,
10940,10,,,
10945,10,,,
10950,10,,,
10955,0,,,
10960,0,,,
10965,0,,,
10970,10,,,
10975,0,,,
10980,0,,,
10985,10,,,
10990,10,,,
10995,0,,,
11000,0,,,
11005,0,,,
11010,0,,,
11015,10,,,
11020,0,,,
11025,0,,,
11030,0,,,
11035,10,,,
11040,0,,,
11045,0,,,
11050,10,,,
11055,0,,,
11060,0,,,
11065,0,,,
11070,10,,,
11075,0,,,
11080,0,,,
11085,0,,,
11090,0,,,
11095,10,,,
11100,0,,,
11105,0,,,
11110,0,,,
11115,0,,,
11120,10,,,
11125,0,,,
11130,10,,,
11135,0,,,
11140,10,,,
11145,10,,,
11150,0,,,
11155,10,,,
11160,0,,,
11165,0,,,
11170,0,,,
11175,0,,,
11180,10,,,
11185,0,,,
11190,0,,,
11195,10,,,
11200,0,,,
11205,10,,,
11210,0,,,
11215,10,,,
11220,10,,,
11225,0,,,
11230,0,,,
11235,10,,,
11240,10,,,
11245,0,,,
11250,0,,,
11255,0,,,
11260,10,,,
11265,0,,,
11270,10,,,
11275,10,,,
11280,0,,,
11285,0,,,
11290,0,,,
11295,0,,,
11300,0,,,
11305,10,,,
11310,0,,,
11315,0,,,
11320,10,,,
11325,0,,,
11330,10,,,
11335,0,,,
11340,0,,,
11345,0,,,
11350,0,,,
11355,0,,,
11360,10,,,
11365,0,,,
11370,0,,,
11375,0,,,
11380,10,,,
11385,0,,,
11390,0,,,
11395,0,,,
11400,0,,,
11405,0,,,
11410,10,,,
11415,0,,,
11420,10,,,
11425,0,,,
11430,0,,,
11435,10,,,
11440,0,,,
11445,0,,,
11450,0,,,
11455,0,,,
11460,0,,,
11465,0,,,
11470,0,,,
11475,0,,,
11480,0,,,
11485,0,,,
11490,0,,,
11495,10,,,
11500,0,,,
11505,0,,,
11510,0,,,
11515,10,,,
11520,10,,,
11525,0,,,
11530,0,,,
11535,10,,,
11540,10,,,
11545,0,,,
11550,0,,,
11555,10,,,
11560,10,,,
11565,0,,,
11570,0,,,
11575,0,,,
11580,0,,,
11585,10,,,
11590,10,,,
11595,0,,,
11600,0,,,
11605,10,,,
11610,0,,,
11615,0,,,
11620,0,,,
11625,0,,,
11630,0,,,
11635,0,,,
11640,0,,,
11645,10,,,
11650,0,,,
11655,0,,,
11660,0,,,
11665,0,,,
11670,0,,,
11675,0,,,
11680,0,,,
11685,0,,,
11690,0,,,
11695,0,,,
11700,0,,,
11705,10,,,
11710,10,,,
11715,10,,,
11720,0,,,
11725,0,,,
11730,10,,,
11735,0,,,
11740,0,,,
11745,10,,,
11750,10,,,
11755,0,,,
11760,10,,,
11765,10,,,
11770,0,,,
11775,10,,,
11780,10,,,
11785,0,,,
11790,0,,,
11795,10,,,
11800,0,,,
11805,0,,,
11810,0,,,
11815,0,,,
11820,0,,,
11825,0,,,
11830,0,,,
11835,0,,,
11840,0,,,
11845,10,,,
11850,0,,,
11855,0,,,
11860,10,,,
11865,0,,,
11870,0,,,
11875,0,,,
11880,0,,,
11885,0,,,
11890,0,,,
11895,10,,,
11900,0,,,
11905,10,,,
11910,0,,,
11915,0,,,
11920,0,,,
11925,0,,,
11930,0,,,
11935,0,,,
11940,10,,,
11945,0,,,
11950,10,,,
11955,0,,,
11960,0,,,
11965,10,,,
11970,0,,,
11975,0,,,
11980,0,,,
11985,0,,,
11990,0,,,
11995,0,,,
12000,0,,,
12005,0,,,
12010,0,,,
12015,0,,,
12020,0,,,
12025,0,,,
12030,0,,,
12035,10,,,
12040,0,,,
12045,0,,,
12050,0,,,
12055,0,,,
12060,10,,,
12065,0,,,
12070,0,,,
12075,10,,,
12080,0,,,
12085,0,,,
12090,0,,,
12095,0,,,
12100,10,,,
12105,0,,,
12110,0,,,
12115,10,,,
12120,0,,,
12125,0,,,
12130,0,,,
12135,0,,,
12140,0,,,
12145,10,,,
12150,0,,,
12155,0,,,
12160,0,,,
12165,0,,,
12170,0,,,
12175,10,,,
12180,0,,,
12185,0,,,
12190,10,,,
12195,10,,,
12200,0,,,
12205,0,,,
12210,0,,,
12215,0,,,
12220,0,,,
12225,0,,,
12230,0,,,
12235,10,,,
12240,10,,,
12245,0,,,
12250,0,,,
12255,0,,,
12260,0,,,
12265,10,,,
12270,0,,,
12275,0,,,
12280,10,,,
12285,0,,,
12290,0,,,
12295,0,,,
12300,10,,,
12305,0,,,
12310,0,,,
12315,0,,,
12320,0,,,
12325,0,,,
12330,0,,,
12335,10,,,
12340,0,,,
12345,10,,,
12350,0,,,
12355,0,,,
12360,10,,,
12365,0,,,
12370,0,,,
12375,0,,,
12380,0,,,
12385,0,,,
12390,0,,,
12395,0,,,
12400,10,,,
12405,0,,,
12410,0,,,
12415,0,,,
12420,0,,,
12425,0,,,
12430,0,,,
12435,0,,,
12440,0,,,
12445,0,,,
12450,0,,,
12455,10,,,
12460,0,,,
12465,0,,,
12470,0,,,
12475,10,,,
12480,0,,,
12485,0,,,
12490,0,,,
12495,0,,,
12500,0,,,
12505,0,,,
12510,10,,,
12515,10,,,
12520,0,,,
12525,0,,,
12530,10,,,
12535,10,,,
12540,0,,,
12545,0,,,
12550,0,,,
12555,0,,,
12560,10,,,
12565,0,,,
12570,10,,,
12575,0,,,
12580,0,,,
12585,0,,,
12590,0,,,
12595,0,,,
12600,0,,,
12605,0,,,
12610,0,,,
12615,0,,,
12620,0,,,
12625,0,,,
12630,10,,,
12635,10,,,
12640,0,,,
12645,0,,,
12650,10,,,
12655,0,,,
12660,0,,,
12665,0,,,
12670,0,,,
12675,10,,,
12680,0,,,
12685,0,,,
12690,0,,,
12695,0,,,
12700,0,,,
12705,0,,,
12710,0,,,
12715,0,,,
12720,0,,,
12725,10,,,
12730,0,,,
12735,10,,,
12740,0,,,
12745,0,,,
12750,10,,,
12755,0,,,
12760,0,,,
12765,0,,,
12770,0,,,
12775,0,,,
12780,0,,,
12785,10,,,
12790,10,,,
12795,0,,,
12800,10,,,
12805,0,,,
12810,0,,,
12815,0,,,
12820,0,,,
12825,0,,,
12830,0,,,
12835,0,,,
12840,10,,,
12845,0,,,
12850,0,,,
12855,0,,,
12860,0,,,
12865,0,,,
12870,0,,,
12875,0,,,
12880,0,,,
12885,0,,,
12890,0,,,
12895,0,,,
12900,0,,,
12905,10,,,
12910,10,,,
12915,10,,,
12920,0,,,
12925,0,,,
12930,0,,,
12935,0,,,
12940,0,,,
12945,0,,,
12950,0,,,
12955,10,,,
12960,10,,,
12965,0,,,
12970,10,,,
12975,10,,,
12980,0,,,
12985,0,,,
12990,0,,,
12995,0,,,
13000,0,,,
13005,0,,,
13010,10,,,
13015,0,,,
13020,10,,,
13025,0,,,
13030,0,,,
13035,0,,,
13040,0,,,
13045,0,,,
13050,0,,,
13055,0,,,
13060,10,,,
13065,10,,,
13070,10,,,
13075,10,,,
13080,0,,,
13085,0,,,
13090,0,,,
13095,0,,,
13100,10,,,
13105,0,,,
13110,10,,,
13115,0,,,
13120,0,,,
13125,0,,,
13130,0,,,
13135,0,,,
13140,0,,,
13145,0,,,
13150,0,,,
13155,0,,,
13160,0,,,
13165,0,,,
13170,0,,,
13175,0,,,
13180,0,,,
13185,0,,,
13190,0,,,
13195,0,,,
13200,0,,,
13205,0,,,
13210,10,,,
13215,0,,,
13220,10,,,
13225,0,,,
13230,10,,,
13235,10,,,
13240,0,,,
13245,0,,,
13250,0,,,
13255,10,,,
13260,0,,,
13265,0,,,
13270,0,,,
13275,10,,,
13280,0,,,
13285,10,,,
13290,0,,,
13295,0,,,
13300,0,,,
13305,0,,,
13310,0,,,
13315,10,,,
13320,0,,,
13325,10,,,
13330,0,,,
13335,10,,,
13340,0,,,
13345,10,,,
13350,10,,,
13355,0,,,
13360,0,,,
13365,0,,,
13370,0,,,
13375,0,,,
13380,0,,,
13385,0,,,
13390,0,,,
13395,0,,,
13400,10,,,
13405,0,,,
13410,0,,,
13415,0,,,
13420,10,,,
13425,0,,,
13430,0,,,
13435,0,,,
13440,0,,,
13445,10,,,
13450,0,,,
13455,0,,,
13460,0,,,
13465,10,,,
13470,0,,,
13475,10,,,
13480,10,,,
13485,10,,,
13490,0,,,
13495,0,,,
13500,0,,,
13505,0,,,
13510,0,,,
13515,10,,,
13520,0,,,
13525,0,,,
13530,0,,,
13535,0,,,
13540,0,,,
13545,0,,,
13550,0,,,
13555,0,,,
13560,0,,,
13565,10,,,
13570,10,,,
13575,0,,,
13580,0,,,
13585,0,,,
13590,0,,,
13595,0,,,
13600,10,,,
13605,0,,,
13610,0,,,
13615,0,,,
13620,10,,,
13625,10,,,
13630,0,,,
13635,0,,,
13640,10,,,
13645,10,,,
13650,0,,,
13655,0,,,
13660,0,,,
13665,0,,,
13670,0,,,
13675,0,,,
13680,0,,,
13685,0,,,
13690,0,,,
13695,10,,,
13700,0,,,
13705,0,,,
13710,0,,,
13715,0,,,
13720,0,,,
13725,0,,,
13730,10,,,
13735,10,,,
13740,10,,,
13745,0,,,
13750,0,,,
13755,10,,,
13760,0,,,
13765,0,,,
13770,0,,,
13775,0,,,
13780,0,,,
13785,0,,,
13790,10,,,
13795,0,,,
13800,0,,,
13805,0,,,
13810,0,,,
13815,0,,,
13820,0,,,
13825,0,,,
13830,10,,,
13835,0,,,
13840,0,,,
13845,0,,,
13850,10,,,
13855,0,,,
13860,0,,,
13865,0,,,
13870,10,,,
13875,0,,,
13880,0,,,
13885,0,,,
13890,0,,,
13895,0,,,
13900,0,,,
13905,0,,,
13910,0,,,
13915,0,,,
13920,0,,,
13925,0,,,
13930,0,,,
13935,0,,,
13940,0,,,
13945,0,,,
13950,0,,,
13955,10,,,
13960,0,,,
13965,10,,,
13970,10,,,
13975,0,,,
13980,0,,,
13985,0,,,
13990,0,,,
13995,0,,,
14000,0,,,
14005,0,,,
14010,10,,,
14015,10,,,
14020,10,,,
14025,10,,,
14030,10,,,
14035,0,,,
14040,0,,,
14045,0,,,
14050,0,,,
14055,0,,,
14060,0,,,
14065,0,,,
14070,10,,,
14075,0,,,
14080,0,,,
14085,10,,,
14090,0,,,
14095,0,,,
14100,0,,,
14105,10,,,
14110,0,,,
14115,0,,,
14120,0,,,
14125,10,,,
14130,0,,,
14135,0,,,
14140,0,,,
14145,10,,,
14150,0,,,
14155,0,,,
14160,0,,,
14165,0,,,
14170,0,,,
14175,0,,,
14180,0,,,
14185,0,,,
14190,0,,,
14195,10,,,
14200,10,,,
14205,0,,,
14210,0,,,
14215,0,,,
14220,10,,,
14225,0,,,
14230,0,,,
14235,0,,,
14240,0,,,
14245,0,,,
14250,0,,,
14255,0,,,
14260,0,,,
14265,0,,,
14270,10,,,
14275,0,,,
14280,10,,,
14285,0,,,
14290,0,,,
14295,0,,,
14300,0,,,
14305,0,,,
14310,0,,,
14315,0,,,
14320,10,,,
14325,10,,,
14330,10,,,
14335,0,,,
14340,0,,,
14345,0,,,
14350,0,,,
14355,10,,,
14360,0,,,
14365,0,,,
14370,10,,,
14375,0,,,
14380,0,,,
14385,0,,,
14390,0,,,
14395,0,,,
14400,0,,,
14405,0,,,
14410,0,,,
14415,0,,,
14420,0,,,
14425,0,,,
14430,0,,,
14435,0,,,
14440,10,,,
14445,0,,,
14450,0,,,
14455,0,,,
14460,0,,,
14465,10,,,
14470,0,,,
14475,0,,,
14480,0,,,
14485,10,,,
14490,0,,,
14495,0,,,
14500,0,,,
14505,0,,,
14510,0,,,
14515,10,,,
14520,0,,,
14525,10,,,
14530,0,,,
14535,0,,,
14540,0,,,
14545,0,,,
14550,10,,,
14555,10,,,
14560,10,,,
14565,10,,,
14570,0,,,
14575,0,,,
14580,0,,,
14585,10,,,
14590,0,,,
14595,0,,,
14600,0,,,
14605,10,,,
14610,0,,,
14615,0,,,
14620,10,,,
14625,0,,,
14630,0,,,
14635,0,,,
14640,0,,,
14645,0,,,
14650,0,,,
14655,10,,,
14660,0,,,
14665,0,,,
14670,0,,,
14675,0,,,
14680,0,,,
14685,0,,,
14690,0,,,
14695,0,,,
14700,0,,,
14705,10,,,
14710,10,,,
14715,0,,,
14720,10,,,
14725,0,,,
14730,0,,,
14735,10,,,
14740,0,,,
14745,0,,,
14750,0,,,
14755,0,,,
14760,0,,,
14765,10,,,
14770,0,,,
14775,0,,,
14780,10,,,
14785,0,,,
14790,0,,,
14795,10,,,
14800,10,,,
14805,0,,,
14810,0,,,
14815,0,,,
14820,10,,,
14825,0,,,
14830,0,,,
14835,0,,,
14840,0,,,
14845,0,,,
14850,0,,,
14855,0,,,
14860,0,,,
14865,10,,,
14870,0,,,
14875,0,,,
14880,0,,,
14885,0,,,
14890,0,,,
14895,0,,,
14900,10,,,
14905,10,,,
14910,0,,,
14915,0,,,
14920,0,,,
14925,10,,,
14930,0,,,
14935,0,,,
14940,0,,,
14945,0,,,
14950,0,,,
14955,10,,,
14960,0,,,
14965,0,,,
14970,0,,,
14975,10,,,
14980,0,,,
14985,10,,,
14990,10,,,
14995,0,,,
15000,0,,,
15005,0,,,
15010,0,,,
15015,10,,,
15020,10,,,
15025,0,,,
15030,0,,,
15035,0,,,
15040,0,,,
15045,0,,,
15050,0,,,
15055,0,,,
15060,10,,,
15065,0,,,
15070,10,,,
15075,0,,,
15080,10,,,
15085,0,,,
15090,0,,,
15095,10,,,
15100,0,,,
15105,0,,,
15110,10,,,
15115,0,,,
15120,10,,,
15125,0,,,
15130,0,,,
15135,10,,,
15140,0,,,
15145,0,,,
15150,10,,,
15155,0,,,
15160,0,,,
15165,0,,,
15170,0,,,
15175,0,,,
15180,0,,,
15185,10,,,
15190,0,,,
15195,10,,,
15200,0,,,
15205,0,,,
15210,0,,,
15215,0,,,
15220,0,,,
15225,0,,,
15230,10,,,
15235,10,,,
15240,0,,,
15245,0,,,
15250,0,,,
15255,10,,,
15260,0,,,
15265,0,,,
15270,0,,,
15275,0,,,
15280,0,,,
15285,0,,,
15290,0,,,
15295,0,,,
15300,0,,,
15305,0,,,
15310,0,,,
15315,0,,,
15320,0,,,
15325,0,,,
15330,0,,,
15335,0,,,
15340,0,,,
15345,0,,,
15350,0,,,
15355,0,,,
15360,0,,,
15365,0,,,
15370,0,,,
15375,0,,,
15380,0,,,
15385,0,,,
15390,0,,,
15395,0,,,
15400,0,,,
15405,0,,,
15410,0,,,
15415,0,,,
15420,0,,,
15425,0,,,
15430,0,,,
15435,0,,,
15440,0,,,
15445,0,,,
15450,0,,,
15455,0,,,
15460,0,,,
15465,0,,,
15470,0,,,
15475,0,,,
15480,0,,,
15485,0,,,
15490,0,,,
15495,0,,,
15500,0,,,
15505,0,,,
15510,0,,,
15515,0,,,
15520,0,,,
15525,0,,,
15530,0,,,
15535,0,,,
15540,0,,,
15545,0,,,
15550,0,,,
15555,0,,,
15560,0,,,
15565,0,,,
15570,0,,,
15575,0,,,
15580,0,,,
15585,0,,,
15590,0,,,
15595,0,,,
15600,0,,,
15605,0,,,
15610,0,,,
15615,0,,,
15620,0,,,
15625,0,,,
15630,0,,,
15635,0,,,
15640,0,,,
15645,0,,,
15650,0,,,
15655,0,,,
15660,0,,,
15665,0,,,
15670,0,,,
15675,0,,,
15680,0,,,
15685,0,,,
15690,0,,,
15695,0,,,
15700,0,,,
15705,0,,,
15710,0,,,
15715,0,,,
15720,0,,,
15725,0,,,
15730,0,,,
15735,0,,,
15740,0,,,
15745,0,,,
15750,0,,,
15755,0,,,
15760,0,,,
15765,0,,,
15770,0,,,
15775,0,,,
15780,0,,,
15785,0,,,
15790,0,,,
15795,0,,,
15800,0,,,
15805,0,,,
15810,0,,,
15815,0,,,
15820,0,,,
15825,0,,,
15830,0,,,
15835,0,,,
15840,0,,,
15845,0,,,
15850,0,,,
15855,0,,,
15860,0,,,
15865,0,,,
15870,0,,,
15875,0,,,
15880,0,,,
15885,0,,,
15890,0,,,
15895,0,,,
15900,0,,,
15905,0,,,
15910,0,,,
15915,0,,,
15920,0,,,
15925,0,,,
15930,0,,,
15935,0,,,
15940,0,,,
15945,0,,,
15950,0,,,
15955,0,,,
15960,0,,,
15965,0,,,
15970,0,,,
15975,0,,,
15980,0,,,
15985,0,,,
15990,0,,,
15995,0,,,
16000,0,,,
16005,0,,,
16010,0,,,
16015,0,,,
16020,0,,,
16025,0,,,
16030,0,,,
16035,0,,,
16040,0,,,
16045,0,,,
16050,0,,,
16055,0,,,
16060,0,,,
16065,0,,,
16070,0,,,
16075,0,,,
16080,0,,,
16085,0,,,
16090,0,,,
16095,0,,,
16100,0,,,
16105,0,,,
16110,0,,,
16115,0,,,
16120,0,,,
16125,0,,,
16130,0,,,
16135,0,,,
16140,0,,,
16145,0,,,
16150,0,,,
16155,0,,,
16160,0,,,
16165,0,,,
16170,0,,,
16175,0,,,
16180,0,,,
16185,0,,,
16190,0,,,
16195,0,,,
16200,0,,,
16205,0,,,
16210,0,,,
16215,0,,,
16220,0,,,
16225,0,,,
16230,0,,,
16235,0,,,
16240,0,,,
16245,0,,,
16250,0,,,
16255,0,,,
16260,0,,,
16265,0,,,
16270,0,,,
16275,0,,,
16280,0,,,
16285,0,,,
16290,0,,,
16295,0,,,
16300,0,,,
16305,0,,,
16310,0,,,
16315,0,,,
16320,0,,,
16325,0,,,
16330,0,,,
16335,0,,,
16340,0,,,
16345,0,,,
16350,0,,,
16355,0,,,
16360,0,,,
16365,0,,,
16370,0,,,
16375,0,,,
16380,0,,,
16385,0,,,
16390,0,,,
16395,0,,,
16400,0,,,
16405,0,,,
16410,0,,,
16415,0,,,
16420,0,,,
16425,0,,,
16430,0,,,
16435,0,,,
16440,0,,,
16445,0,,,
16450,0,,,
16455,0,,,
16460,0,,,
16465,0,,,
16470,0,,,
16475,0,,,
16480,0,,,
16485,0,,,
16490,0,,,
16495,0,,,
16500,0,,,
16505,0,,,
16510,0,,,
16515,0,,,
16520,0,,,
16525,0,,,
16530,0,,,
16535,0,,,
16540,0,,,
16545,0,,,
16550,0,,,
16555,0,,,
16560,0,,,
16565,0,,,
16570,0,,,
16575,0,,,
16580,0,,,
16585,0,,,
16590,0,,,
16595,0,,,
16600,0,,,
16605,0,,,
16610,0,,,
16615,0,,,
16620,0,,,
16625,0,,,
16630,0,,,
16635,0,,,
16640,0,,,
16645,0,,,
16650,0,,,
16655,0,,,
16660,0,,,
16665,0,,,
16670,0,,,
16675,0,,,
16680,0,,,
16685,0,,,
16690,0,,,
16695,0,,,
16700,0,,,
16705,0,,,
16710,0,,,
16715,0,,,
16720,0,,,
16725,0,,,
16730,0,,,
16735,0,,,
16740,0,,,
16745,0,,,
16750,0,,,
16755,0,,,
16760,0,,,
16765,0,,,
16770,0,,,
16775,0,,,
16780,0,,,
16785,0,,,
16790,0,,,
16795,0,,,
16800,0,,,
16805,0,,,
16810,0,,,
16815,0,,,
16820,0,,,
16825,0,,,
16830,0,,,
16835,0,,,
16840,0,,,
16845,0,,,
16850,0,,,
16855,0,,,
16860,0,,,
16865,0,,,
16870,0,,,
16875,0,,,
16880,0,,,
16885,0,,,
16890,0,,,
16895,0,,,
16900,0,,,
16905,0,,,
16910,0,,,
16915,0,,,
16920,0,,,
16925,0,,,
16930,0,,,
16935,0,,,
16940,0,,,
16945,0,,,
16950,0,,,
16955,0,,,
16960,0,,,
16965,0,,,
16970,0,,,
16975,0,,,
16980,0,,,
16985,0,,,
16990,0,,,
16995,0,,,
17000,0,,,
17005,0,,,
17010,0,,,
17015,0,,,
17020,0,,,
17025,0,,,
17030,0,,,
17035,0,,,
17040,0,,,
17045,0,,,
17050,0,,,
17055,0,,,
17060,0,,,
17065,0,,,
17070,0,,,
17075,0,,,
17080,0,,,
17085,0,,,
17090,0,,,
17095,0,,,
17100,0,,,
17105,0,,,
17110,0,,,
17115,0,,,
17120,0,,,
17125,0,,,
17130,0,,,
17135,0,,,
17140,0,,,
17145,0,,,
17150,0,,,
17155,0,,,
17160,0,,,
17165,0,,,
17170,0,,,
17175,0,,,
17180,0,,,
17185,0,,,
17190,0,,,
17195,0,,,
17200,0,,,
17205,0,,,
17210,0,,,
17215,0,,,
17220,0,,,
17225,0,,,
17230,0,,,
17235,0,,,
17240,0,,,
17245,0,,,
17250,0,,,
17255,0,,,
17260,0,,,
17265,0,,,
17270,0,,,
17275,0,,,
17280,0,,,
17285,0,,,
17290,0,,,
17295,0,,,
17300,0,,,
17305,0,,,
17310,0,,,
17315,0,,,
17320,0,,,
17325,0,,,
17330,0,,,
17335,0,,,
17340,0,,,
17345,0,,,
17350,0,,,
17355,0,,,
17360,0,,,
17365,0,,,
17370,0,,,
17375,0,,,
17380,0,,,
17385,0,,,
17390,0,,,
17395,0,,,
17400,0,,,
17405,0,,,
17410,0,,,
17415,0,,,
17420,0,,,
17425,0,,,
17430,0,,,
17435,0,,,
17440,0,,,
17445,0,,,
17450,0,,,
17455,0,,,
17460,0,,,
17465,0,,,
17470,0,,,
17475,0,,,
17480,0,,,
17485,0,,,
17490,0,,,
17495,0,,,
17500,0,,,
17505,0,,,
17510,0,,,
17515,0,,,
17520,0,,,
17525,0,,,
17530,0,,,
17535,0,,,
17540,0,,,
17545,0,,,
17550,0,,,
17555,0,,,
17560,0,,,
17565,0,,,
17570,0,,,
17575,0,,,
17580,0,,,
17585,0,,,
17590,0,,,
17595,0,,,
17600,0,,,
17605,0,,,
17610,0,,,
17615,0,,,
17620,0,,,
17625,0,,,
17630,0,,,
17635,0,,,
17640,0,,,
17645,0,,,
17650,0,,,
17655,0,,,
17660,0,,,
17665,0,,,
17670,0,,,
17675,0,,,
17680,0,,,
17685,0,,,
17690,0,,,
17695,0,,,
17700,0,,,
17705,0,,,
17710,0,,,
17715,0,,,
17720,0,,,
17725,0,,,
17730,0,,,
17735,0,,,
17740,0,,,
17745,0,,,
17750,0,,,
17755,0,,,
17760,0,,,
17765,0,,,
17770,0,,,
17775,0,,,
17780,0,,,
17785,0,,,
17790,0,,,
17795,0,,,
17800,0,,,
17805,0,,,
17810,0,,,
17815,0,,,
17820,0,,,
17825,0,,,
17830,0,,,
17835,0,,,
17840,0,,,
17845,0,,,
17850,0,,,
17855,0,,,
17860,0,,,
17865,0,,,
17870,0,,,
17875,0,,,
17880,0,,,
17885,0,,,
17890,0,,,
17895,0,,,
17900,0,,,
17905,0,,,
17910,0,,,
17915,0,,,
17920,0,,,
17925,0,,,
17930,0,,,
17935,0,,,
17940,0,,,
17945,0,,,
17950,0,,,
17955,0,,,
17960,0,,,
17965,0,,,
17970,0,,,
17975,0,,,
17980,0,,,
17985,0,,,
17990,0,,,
17995,0,,,
18000,0,,,
18005,0,,,
18010,0,,,
18015,0,,,
18020,0,,,
18025,0,,,
18030,0,,,
18035,0,,,
18040,0,,,
18045,0,,,
18050,0,,,
18055,0,,,
18060,0,,,
18065,0,,,
18070,0,,,
18075,0,,,
18080,0,,,
18085,0,,,
18090,0,,,
18095,0,,,
18100,0,,,
18105,0,,,
18110,0,,,
18115,0,,,
18120,0,,,
18125,0,,,
18130,0,,,
18135,0,,,
18140,0,,,
18145,0,,,
18150,0,,,
18155,0,,,
18160,0,,,
18165,0,,,
18170,0,,,
18175,0,,,
18180,0,,,
18185,0,,,
18190,0,,,
18195,0,,,
18200,0,,,
18205,0,,,
18210,0,,,
18215,0,,,
18220,0,,,
18225,0,,,
18230,0,,,
18235,0,,,
18240,0,,,
18245,0,,,
18250,0,,,
18255,0,,,
18260,0,,,
18265,0,,,
18270,0,,,
18275,0,,,
18280,0,,,
18285,0,,,
18290,0,,,
18295,0,,,
18300,0,,,
18305,0,,,
18310,0,,,
18315,0,,,
18320,0,,,
18325,0,,,
18330,0,,,
18335,0,,,
18340,0,,,
18345,0,,,
18350,0,,,
18355,0,,,
18360,0,,,
18365,0,,,
18370,0,,,
18375,0,,,
18380,0,,,
18385,0,,,
18390,0,,,
18395,0,,,
18400,0,,,
18405,0,,,
18410,0,,,
18415,0,,,
18420,0,,,
18425,0,,,
18430,0,,,
18435,0,,,
18440,0,,,
18445,0,,,
18450,0,,,
18455,0,,,
18460,0,,,
18465,0,,,
18470,0,,,
18475,0,,,
18480,0,,,
18485,0,,,
18490,0,,,
18495,0,,,
18500,0,,,
18505,0,,,
18510,0,,,
18515,0,,,
18520,0,,,
18525,0,,,
18530,0,,,
18535,0,,,
18540,0,,,
18545,0,,,
18550,0,,,
18555,0,,,
18560,0,,,
18565,0,,,
18570,0,,,
18575,0,,,
18580,0,,,
18585,0,,,
18590,0,,,
18595,0,,,
18600,0,,,
18605,0,,,
18610,0,,,
18615,0,,,
18620,0,,,
18625,0,,,
18630,0,,,
18635,0,,,
18640,0,,,
18645,0,,,
18650,0,,,
18655,0,,,
18660,0,,,
18665,0,,,
18670,0,,,
18675,0,,,
18680,0,,,
18685,0,,,
18690,0,,,
18695,0,,,
18700,0,,,
18705,0,,,
18710,0,,,
18715,0,,,
18720,0,,,
18725,0,,,
18730,0,,,
18735,0,,,
18740,0,,,
18745,0,,,
18750,0,,,
18755,0,,,
18760,0,,,
18765,0,,,
18770,0,,,
18775,0,,,
18780,0,,,
18785,0,,,
18790,0,,,
18795,0,,,
18800,0,,,
18805,0,,,
18810,0,,,
18815,0,,,
18820,0,,,
18825,0,,,
18830,0,,,
18835,0,,,
18840,0,,,
18845,0,,,
18850,0,,,
18855,0,,,
18860,0,,,
18865,0,,,
18870,0,,,
18875,0,,,
18880,0,,,
18885,0,,,
18890,0,,,
18895,0,,,
18900,0,,,
18905,0,,,
18910,0,,,
18915,0,,,
18920,0,,,
18925,0,,,
18930,0,,,
18935,0,,,
18940,0,,,
18945,0,,,
18950,0,,,
18955,0,,,
18960,0,,,
18965,0,,,
18970,0,,,
18975,0,,,
18980,0,,,
18985,0,,,
18990,0,,,
18995,0,,,
19000,0,,,
19005,0,,,
19010,0,,,
19015,0,,,
19020,0,,,
19025,0,,,
19030,0,,,
19035,0,,,
19040,0,,,
19045,0,,,
19050,0,,,
19055,0,,,
19060,0,,,
19065,0,,,
19070,0,,,
19075,0,,,
19080,0,,,
19085,0,,,
19090,0,,,
19095,0,,,
19100,0,,,
19105,0,,,
19110,0,,,
19115,0,,,
19120,0,,,
19125,0,,,
19130,0,,,
19135,0,,,
19140,0,,,
19145,0,,,
19150,0,,,
19155,0,,,
19160,0,,,
19165,0,,,
19170,0,,,
19175,0,,,
19180,0,,,
19185,0,,,
19190,0,,,
19195,0,,,
19200,0,,,
19205,0,,,
19210,0,,,
19215,0,,,
19220,0,,,
19225,0,,,
19230,0,,,
19235,0,,,
19240,0,,,
19245,0,,,
19250,0,,,
19255,0,,,
19260,0,,,
19265,0,,,
19270,0,,,
19275,0,,,
19280,0,,,
19285,0,,,
19290,0,,,
19295,0,,,
19300,0,,,
19305,0,,,
19310,0,,,
19315,0,,,
19320,0,,,
19325,0,,,
19330,0,,,
19335,0,,,
19340,0,,,
19345,0,,,
19350,0,,,
19355,0,,,
19360,0,,,
19365,0,,,
19370,0,,,
19375,0,,,
19380,0,,,
19385,0,,,
19390,0,,,
19395,0,,,
19400,0,,,
19405,0,,,
19410,0,,,
19415,0,,,
19420,0,,,
19425,0,,,
19430,0,,,
19435,0,,,
19440,0,,,
19445,0,,,
19450,0,,,
19455,0,,,
19460,0,,,
19465,0,,,
19470,0,,,
19475,0,,,
19480,0,,,
19485,0,,,
19490,0,,,
19495,0,,,
19500,0,,,
19505,0,,,
19510,0,,,
19515,0,,,
19520,0,,,
19525,0,,,
19530,0,,,
19535,0,,,
19540,0,,,
19545,0,,,
19550,0,,,
19555,0,,,
19560,0,,,
19565,0,,,
19570,0,,,
19575,0,,,
19580,0,,,
19585,0,,,
19590,0,,,
19595,0,,,
19600,0,,,
19605,0,,,